1,GEORGE WASHINGTON WAS THE FIRST AND ONLY PRESIDENT TO BE PUT INTO OFFICE BY RECEIVING ONE HUNDRED PERCENT OF THE ELECTORAL COLLEGE VOTES.,EWFHEW TXKYGAEQFA TXK QYW CGHKQ XAN FARM ZHWKGNWAQ QF JW ZSQ GAQF FCCGLW JM HWLWGUGAE FAW YSANHWN ZWHLWAQ FC QYW WRWLQFHXR LFRRWEW UFQWK.,T is W.,Packs/presidential Cryptograms
2,"FEELING INSIGNIFICANT DURING HIS TWO TERMS AS VICE PRESIDENT, JOHN ADAMS JOURNEYED ON THROUGH TWO TERMS AS PRESIDENT WITH THE PHILOSOPHY THAT ADVERSITY FORGES PEOPLE AND COUNTRIES.","WDDZAFI AFUAIFAWARGFN QTJAFI CAU NSM NDJOU GU HARD LJDUAQDFN, YMCF GQGOU YMTJFDXDQ MF NCJMTIC NSM NDJOU GU LJDUAQDFN SANC NCD LCAZMUMLCX NCGN GQHDJUANX WMJIDU LDMLZD GFQ RMTFNJADU.",Y is J.,Packs/presidential Cryptograms
3,"BORN INTO A WEALTHY VIRGINIA FAMILY, THOMAS JEFFERSON WENT ON TO BECOME PRESIDENT, DURING WHICH TIME HE JOINED THE LOUISIANA PURCHASE TO THE UNITED STATES AND, AS EVERY SCHOOLCHILD KNOWS (HOPEFULLY), SENT LEWIS AND CLARK ON THEIR FAMOUS TRIP ACROSS AMERICA.","TREK NKSR W DJWOSGA LNEBNKNW YWXNOA, SGRXWM QJYYJEMRK DJKS RK SR TJURXJ VEJMNZJKS, ZHENKB DGNUG SNXJ GJ QRNKJZ SGJ ORHNMNWKW VHEUGWMJ SR SGJ HKNSJZ MSWSJM WKZ, WM JLJEA MUGRROUGNOZ IKRDM (GRVJYHOOA), MJKS OJDNM WKZ UOWEI RK SGJNE YWXRHM SENV WUERMM WXJENUW.",I is K.,Packs/presidential Cryptograms
4,"A JOVIAL AND VIVACIOUS WIFE, DOLLEY, BROUGHT LIFE TO THE ROLE OF FIRST LADY FOR JAMES MADISON, THE PRESIDENT WHO IS SOMETIMES CALLED THE FATHER OF THE CONSTITUTION AND BILL OF RIGHTS BECAUSE OF THE PAPERS HE HELPED PREPARE AND WRITE.","Q VNLHQU QTY LHLQBHNKR SHCZ, YNUUZO, JANKDWM UHCZ MN MWZ ANUZ NC CHARM UQYO CNA VQGZR GQYHRNT, MWZ XAZRHYZTM SWN HR RNGZMHGZR BQUUZY MWZ CQMWZA NC MWZ BNTRMHMKMHNT QTY JHUU NC AHDWMR JZBQKRZ NC MWZ XQXZAR WZ WZUXZY XAZXQAZ QTY SAHMZ.",L is V.,Packs/presidential Cryptograms
5,"WE HAVE JAMES MONROE (NICKNAMED THE ""ERA-OF-GOOD-FEELINGS"" PRESIDENT) TO THANK FOR THE ORANGE JUICE EVERY MORNING THAT COMES FROM FLORIDA, AS THAT LAND WAS CEDED TO THE UNITED STATES FROM SPAIN ONE YEAR WHILE HE WAS IN OFFICE.","GU QLKU OLHUX HYIMYU (ITJEILHUS RQU ""UML-YZ-VYYS-ZUUWTIVX"" BMUXTSUIR) RY RQLIE ZYM RQU YMLIVU OCTJU UKUMN HYMITIV RQLR JYHUX ZMYH ZWYMTSL, LX RQLR WLIS GLX JUSUS RY RQU CITRUS XRLRUX ZMYH XBLTI YIU NULM GQTWU QU GLX TI YZZTJU.",V is G.,Packs/presidential Cryptograms
6,"AS BEST I COULD TELL FROM MY READING, JOHN QUINCY ADAMS WAS AN ADMIRED POLITICIAN BOTH BEFORE AND AFTER HIS TERM, BUT WHILE PRESIDENT THERE WERE OBJECTIONS TO SOME OF HIS DOMESTIC PROPOSALS AND NOTHING OF MUCH CONSEQUENCE OCCURRED IN FOREIGN AFFAIRS.","SC WGCH E ZRBJV HGJJ PORL LI OGSVEYN, QRKY XBEYZI SVSLC TSC SY SVLEOGV URJEHEZESY WRHK WGPROG SYV SPHGO KEC HGOL, WBH TKEJG UOGCEVGYH HKGOG TGOG RWQGZHERYC HR CRLG RP KEC VRLGCHEZ UORURCSJC SYV YRHKEYN RP LBZK ZRYCGXBGYZG RZZBOOGV EY PROGENY SPPSEOC.",X is Q.,Packs/presidential Cryptograms
7,"HE'D BEEN CONSIDERED A TOUGH MAJOR GENERAL BY HIS MEN, SO ANDREW JACKSON WAS CALLED OLD HICKORY, AND THAT PERCEPTION PERSISTED WHILE HE WAS PRESIDENT AND BEYOND THROUGH THE REST OF HIS LIFE.","ZO'K WOOD XJDFVKOYOK H MJIUZ QHPJY UODOYHG WL ZVF QOD, FJ HDKYOC PHXTFJD CHF XHGGOK JGK ZVXTJYL, HDK MZHM EOYXOEMVJD EOYFVFMOK CZVGO ZO CHF EYOFVKODM HDK WOLJDK MZYJIUZ MZO YOFM JA ZVF GVAO.",T is K.,Packs/presidential Cryptograms
8,"BECAUSE OF BEING BORN IN THE VILLAGE WITH THAT NAME, MARTIN VAN BUREN BECAME KNOWN AS OLD KINDERHOOK, AND THEN SUPPORTERS SHOWED THEIR APPROVAL IN HIS CAMPAIGN FOR PRESIDENT WITH THE ABBREVIATION OK, WHICH IS A WORD FORM THAT HAS NOW SPREAD AROUND THE WORLD.","RHWMCTH YX RHBQO RYZQ BQ KNH IBEEMOH UBKN KNMK QMJH, JMZKBQ IMQ RCZHQ RHWMJH AQYUQ MT YES ABQSHZNYYA, MQS KNHQ TCLLYZKHZT TNYUHS KNHBZ MLLZYIME BQ NBT WMJLMBOQ XYZ LZHTBSHQK UBKN KNH MRRZHIBMKBYQ YA, UNBWN BT M UYZS XYZJ KNMK NMT QYU TLZHMS MZYCQS KNH UYZES.",W is C.,Packs/presidential Cryptograms
9,"WILLIAM HENRY HARRISON GAVE THE LONGEST INAUGURAL SPEECH EVER OF NEARLY TWO HOURS, EVEN THOUGH DANIEL WEBSTER HAD EDITED IT, BUT SERVED THE SHORTEST TERM AS PRESIDENT EVER BECAUSE HE DIED AFTER ONLY THIRTY DAYS.","EQAAQHG CLPYN CHYYQZSP WHTL OCL ASPWLZO QPHDWDYHA ZKLLRC LTLY SJ PLHYAN OES CSDYZ, LTLP OCSDWC UHPQLA ELIZOLY CHU LUQOLU QO, IDO ZLYTLU OCL ZCSYOLZO OLYG HZ KYLZQULPO LTLY ILRHDZL CL UQLU HJOLY SPAN OCQYON UHNZ.",E is W.,Packs/presidential Cryptograms
10,"HE WAS NEVER ELECTED AS SUCH, BUT JOHN TYLER BECAME PRESIDENT WHEN HIS PREDECESSOR PASSED AWAY WHILE IN OFFICE, HE GOT MARRIED A SECOND TIME TO A WOMAN NAMED JULIA, HAVING A TOTAL FROM BOTH WIVES OF FIFTEEN CHILDREN.","VQ UEN HQCQG QSQDBQL EN NRDV, XRB YAVH BMSQG XQDEZQ IGQNKLQHB UVQH VKN IGQLQDQNNAG IENNQL EUEM UVKSQ KH AJJKDQ, VQ OAB ZEGGKQL E NQDAHL BKZQ BA E UAZEH HEZQL YRSKE, VECKHO E BABES JGAZ XABV UKCQN AJ JKJBQQH DVKSLGQH.",M is Y.,Packs/presidential Cryptograms
11,"""MANIFEST DESTINY"" WAS THE PHRASE USED TO JUSTIFY THE EXPANSION OF THE COUNTRY FROM SEA TO SEA THAT TOOK PLACE WHILE JAMES KNOX POLK WAS PRESIDENT.","""SCBVHZMN QZMNVBE"" ACM NYZ GYJCMZ KMZQ NR XKMNVHE NYZ ZDGCBMVRB RH NYZ LRKBNJE HJRS MZC NR MZC NYCN NRRW GOCLZ AYVOZ XCSZM WBRD GROW ACM GJZMVQZBN.",D is X.,Packs/presidential Cryptograms
12,"""OLD ROUGH AND READY"" ZACHARY TAYLOR GAVE AN INAUGURAL SPEECH AS A NEWLY ELECTED PRESIDENT IN WHICH HE ADVOCATED THE ADVANCING SPIRIT OF CIVILIZATION, BUT HIS WILLINGNESS TOWARD LOFTY GOALS WAS BROUGHT TO AN END WHEN HE DIED AFTER ONLY A YEAR AND A HALF IN OFFICE.","""LFO DLNCI JSO DMJOH"" WJVIJDH QJHFLD CJZM JS TSJNCNDJF RYMMVI JR J SMAFH MFMVQMO YDMRTOMSQ TS AITVI IM JOZLVJQMO QIM JOZJSVTSC RYTDTQ LK VTZTFTWJQTLS, GNQ ITR ATFFTSCSMRR QLAJDO FLKQH CLJFR AJR GDLNCIQ QL JS MSO AIMS IM OTMO JKQMD LSFH J HMJD JSO J IJFK TS LKKTVM.",W is Z.,Packs/presidential Cryptograms
13,"HE STARTED LIFE HUMBLY, BEING BORN IN A LOG CABIN IN FINGER LAKE COUNTRY OF NEW YORK, BUT MILLARD FILLMORE WENT ON TO BECOME PRESIDENT, THE LAST MEMBER OF THE WHIG PARTY TO TAKE THE OFFICE.","ML HCZBCLV SYWL MODEST, ELYGA EQBG YG Z SQA JZEYG YG WYGALB SZNL JQOGCBT QW GLX TQBN, EOC DYSSZBV WYSSDQBL XLGC QG CQ ELJQDL UBLHYVLGC, CML SZHC DLDELB QW CML XMYA UZBCT CQ CZNL CML QWWYJL.",J is C.,Packs/presidential Cryptograms
14,"THE CAMPAIGN FOR FRANKLIN PIERCE TO BECOME PRESIDENT INCLUDED A BIOGRAPHY WRITTEN BY, NATHANIEL HAWTHORNE, WHOM HE HAD STUDIED WITH AND GOTTEN TO KNOW IN COLLEGE.","OQL PYZNYHMD RGC RCYDXWHD NHLCPL OG KLPGZL NCLIHJLDO HDPWEJLJ Y KHGMCYNQT SCHOOLD KT, DYOQYDHLW QYSOQGCDL, SQGZ QL QYJ IOEJHLJ SHOQ YDJ MGOOLD OG XDGS HD PGWWLML.",X is K.,Packs/presidential Cryptograms
15,"HE NEVER MARRIED, HE REFUSED THE NOMINATION TO SERVE AS A JUSTICE ON THE SUPREME COURT, AND A HAPPY DAY FOR JAMES BUCHANAN WAS WHEN HE GOT TO STOP BEING PRESIDENT AND MOVE OUT OF THE WHITE HOUSE.","GR WRIRC YDCCORQ, GR CRZMHRQ BGR WLYOWDBOLW BL HRCIR DH D TMHBOKR LW BGR HMACRYR KLMCB, DWQ D GDAAU QDU ZLC TDYRH FMKGDWDW XDH XGRW GR NLB BL HBLA FROWN ACRHOQRWB DWQ YLIR LMB LZ BGR XGOBR GLMHR.",T is J.,Packs/presidential Cryptograms
16,"A SKINNY-AS-A-RAIL KID FROM A SIMPLE WILDERNESS BEGINNING AND WITH NO FORMAL EDUCATION, ABRAHAM LINCOLN GREW UP TO BECOME AN HONEST, EQUITABLE AND ELOQUENT PRESIDENT, SAID BY SOME PEOPLE TO HAVE BEEN THE BEST WE'VE EVER HAD.","R GYUCCP-RG-R-TRUE YUJ ZTKX R GUXDEH OUEJHTCHGG SHWUCCUCW RCJ OUQV CK ZKTXRE HJBLRQUKC, RSTRVRX EUCLKEC WTHO BD QK SHLKXH RC VKCHGQ, HIBUQRSEH RCJ HEKIBHCQ DTHGUJHCQ, GRUJ SP GKXH DHKDEH QK VRNH SHHC QVH SHGQ OH'NH HNHT VRJ.",Y is K.,Packs/presidential Cryptograms
17,"IT WAS CONSIDERED BY SOME TO BE A LARGE FOLLY, BUT WHILE ANDREW JOHNSON WAS PRESIDENT HIS SECRETARY OF STATE ARRANGED TO MAKE A TREATY WITH RUSSIA AND PURCHASE ALASKA FOR JUST ABOUT TWO CENTS AN ACRE.","GS MWU QLZUGHCKCH IO ULYC SL IC W NWKTC XLNNO, IDS MJGNC WZHKCM BLJZULZ MWU AKCUGHCZS JGU UCQKCSWKO LX USWSC WKKWZTCH SL YWRC W SKCWSO MGSJ KDUUGW WZH ADKQJWUC WNWURW XLK BDUS WILDS SML QCZSU WZ WQKC.",R is K.,Packs/presidential Cryptograms
18,"CIVIL WAR VICTORIES BROUGHT FAME, POPULARITY, AND TWO TERMS AS PRESIDENT TO ULYSSES S. GRANT, AND THE MONEY HE MADE FROM THE AUTOBIOGRAPHY HE WROTE AT THE END OF HIS LIFE PAID OFF SOME DEBTS AND PROVIDED FOR HIS FAMILY.","LMXMJ TRN XMLGVNMSH ZNVWDCG KRUS, AVAWJRNMGB, RQY GTV GSNUH RH ANSHMYSQG GV WJBHHSH H. DNRQG, RQY GCS UVQSB CS URYS KNVU GCS RWGVZMVDNRACB CS TNVGS RG GCS SQY VK CMH JMKS ARMY VKK HVUS YSZGH RQY ANVXMYSY KVN CMH KRUMJB.",L is C.,Packs/presidential Cryptograms
19,"A BITTERLY DISPUTED WIN PUT RUTHERFORD BIRCHARD HAYES IN THE WHITE HOUSE AS PRESIDENT, WHERE HIS WIFE CARRIED OUT HIS ORDERS TO BAN ALL LIQUOR AND FROM WHERE HE RETIRED QUIETLY AFTER ONE TERM.","B XQIIDHUO SQEYGIDS VQZ YGI HGIADHCKHS XQHPABHS ABODE QZ IAD VAQID AKGED BE YHDEQSDZI, VADHD AQE VQCD PBHHQDS KGI AQE KHSDHE IK XBZ BUU UQWGKH BZS CHKJ VADHD AD HDIQHDS WGQDIUO BCIDH KZD IDHJ.",W is Q.,Packs/presidential Cryptograms
20,"REMEMBERED AS A SELF-MADE MAN WITH INTERESTS AND APTITUDE IN MANY SUBJECTS, JAMES ABRAM GARFIELD COULD HAVE BEEN A GREAT PRESIDENT, BUT WAS UNFORTUNATELY ASSASSINATED AFTER SERVING IN THAT CAPACITY FOR ONLY FOUR MONTHS.","PJIJIWJPJR KN K NJOA-IKRJ IKH XLCM LHCJPJNCN KHR KECLCGRJ LH IKHT NGWQJVCN, QKIJN KWPKI ZKPALJOR VSGOR MKBJ WJJH K ZPJKC EPJNLRJHC, WGC XKN GHASPCGHKCJOT KNNKNNLHKCJR KACJP NJPBLHZ LH CMKC VKEKVLCT ASP SHOT ASGP ISHCMN.",B is V.,Packs/presidential Cryptograms
21,"UNION COLLEGE IN UPSTATE NEW YORK WAS THE ALMA MATER OF CHESTER ALAN ARTHUR, WHO WAS PRESIDENT WHEN CONGRESS FORMED AND PASSED LAWS THAT CHANGED THE AWARDING OF CIVIL SERVICE JOBS, MAKING IT BE BASED ON MERIT INSTEAD OF JUST THE SYSTEM OF POLITICAL CONNECTIONS THAT IT HAD BEEN.","XLSYL FYGGTJT SL XVNRORT LTA EYHD AON RKT OGWO WORTH YZ FKTNRTH OGOL OHRKXH, AKY AON VHTNSITLR AKTL FYLJHTNN ZYHWTI OLI VONNTI GOAN RKOR FKOLJTI RKT OAOHISLJ YZ FSCSG NTHCSFT UYQN, WODSLJ SR QT QONTI YL WTHSR SLNRTOI YZ UXNR RKT NENRTW YZ VYGSRSFOG FYLLTFRSYLN RKOR SR KOI QTTL.",U is J.,Packs/presidential Cryptograms
22,"SO FAR THE ONLY PRESIDENT WHO HAS SERVED TWO NON CONSECUTIVE TERMS WAS GROVER CLEVELAND, AND HE GAINED NOTORIETY FOR THE POWER OF HIS VETO PEN AND THE MANY TIMES HE USED IT.","VQ JNU LTZ QAWO XUZVHYZAL CTQ TNV VZUGZY LCQ AQA KQAVZKMLHGZ LZUSV CNV BUQGZU KWZGZWNAY, NAY TZ BNHAZY AQLQUHZLO JQU LTZ XQCZU QJ THV GZLQ XZA NAY LTZ SNAO LHSZV TZ MVZY HL.",W is L.,Packs/presidential Cryptograms
23,"SOMETIMES NEWSPAPER COMICS WOULD MAKE JOKES ABOUT BENJAMIN HARRISON BECAUSE HE WAS SMALL THEY'D SAY HE WASN'T BIG ENOUGH TO FILL THE HAT OF HIS GRANDPA, WHO'D ALSO BEEN PRESIDENT.","ZEKGNRKGZ XGPZYSYGJ OEKROZ PEDIL KSHG VEHGZ SCEDN CGXVSKRX TSJJRZEX CGOSDZG TG PSZ ZKSII NTGM'L ZSM TG PSZX'N CRQ GXEDQT NE WRII NTG TSN EW TRZ QJSXLYS, PTE'L SIZE CGGX YJGZRLGXN.",H is K.,Packs/presidential Cryptograms
24,"EVEN THOUGH THERE WAS CONTROVERSY ASSOCIATED WITH THIS DECISION, THE HIGH ONE (THE TALLEST MOUNTAIN OF DENALI NATIONAL PARK IN ALASKA) WAS RENAMED AFTER WILLIAM MCKINLEY WHILE HE WAS PRESIDENT.","WFWK OCZPJC OCWYW TSL BZKOYZFWYLH SLLZBXSOWI TXOC OCXL IWBXLXZK, OCW CXJC ZKW (OCW OSQQWLO UZPKOSXK ZN IWKSQX KSOXZKSQ GSYV XK SQSLVS) TSL YWKSUWI SNOWY TXQQXSU UBVXKQWH TCXQW CW TSL GYWLXIWKO.",J is G.,Packs/presidential Cryptograms
25,"A RUGGED OUTDOORSMAN, THEODORE ROOSEVELT REALIZED WHILE HE WAS PRESIDENT THAT THE POPULATION OF ELK IN THIS COUNTRY HAD DWINDLED TO ONLY A FEW, SO HE ESTABLISHED CONSERVATION MEASURES TO BRING BACK AND PROTECT SIZABLE HERDS OF THEM IN THE NORTHWEST.","Q JLKKSM WLEMWWJBGQT, EOSWMWJS JWWBSFSNE JSQNRUSM HORNS OS HQB XJSBRMSTE EOQE EOS XWXLNQERWT WC SNI RT EORB PWLTEJZ OQM MHRTMNSM EW WTNZ Q CSH, BW OS SBEQVNRBOSM PWTBSJFQERWT GSQBLJSB EW VJRTK VQPI QTM XJWESPE BRUQVNS OSJMB WC EOSG RT EOS TWJEOHSBE.",U is Z.,Packs/presidential Cryptograms
26,"WILLIAM HOWARD TAFT WAS EXCEPTIONAL IN THAT HE IS THE ONLY PERSON SO FAR WHO HAS, AFTER SERVING A TERM AS PRESIDENT, GONE ON TO BECOME CHIEF JUSTICE OF THE SUPREME COURT, HE'D DREAMT OF THIS JOB SINCE HE WAS A YOUNG MAN AND FOUND IT MORE SATISFYING THAN WHAT HE DID IN THE EXECUTIVE BRANCH OF GOVERNMENT.","RGWWGTK XLRTYE NTCN RTI QDHQZNGLATW GA NXTN XQ GI NXQ LAWS ZQYILA IL CTY RXL XTI, TCNQY IQYBGAJ T NQYK TI ZYQIGEQAN, JLAQ LA NL VQHLKQ HXGQC UOINGHQ LC NXQ IOZYQKQ HLOYN, XQ'E EYQTKN LC NXGI ULV IGAHQ XQ RTI T SLOAJ KTA TAE CLOAE GN KLYQ ITNGICSGAJ NXTA RXTN XQ EGE GA NXQ QDQHONGBQ VYTAHX LC JLBQYAKQAN.",D is X.,Packs/presidential Cryptograms
27,"WITH IDEALISTIC CONCEPTS AND GOALS IN MIND, WOODROW WILSON SERVED AS PRESIDENT TO PRINCETON AND THEN THE UNITED STATES, AND WHILE IN BOTH PLACES HE MADE GREAT CONTRIBUTIONS, HE ALSO WAS UNABLE TO ACCOMPLISH ALL HE'D ENVISIONED.","NCYW CJFTQCXYCZ ZBHZFIYX THJ LBTQX CH GCHJ, NBBJOBN NCQXBH XFOUFJ TX IOFXCJFHY YB IOCHZFYBH THJ YWFH YWF RHCYFJ XYTYFX, THJ NWCQF CH KBYW IQTZFX WF GTJF LOFTY ZBHYOCKRYCBHX, WF TQXB NTX RHTKQF YB TZZBGIQCXW TQQ WF'J FHUCXCBHFJ.",R is U.,Packs/presidential Cryptograms
28,"THE FIRST PRESIDENT ELECTED WHEN WOMEN COULD VOTE (HE WAS POPULAR WITH THE LADIES), WARREN HARDING AND HIS ADMINISTRATION LEFT AN UNFORTUNATE LEGACY OF CORRUPTION AND SCANDAL, AND HIS SUDDEN DEATH ON A TRIP TO THE WEST BEFORE HIS TERM WAS OVER, LED TO A CONTROVERSY ABOUT HIS WIFE'S POSSIBLE INVOLVEMENT IN THAT EVENT.","LSI DNYVL JYIVNGICL IXIWLIG PSIC PHQIC WHTXG OHLI (SI PRV JHJTXRY PNLS LSI XRGNIV), PRYYIC SRYGNCB RCG SNV RGQNCNVLYRLNHC XIDL RC TCDHYLTCRLI XIBRWK HD WHYYTJLNHC RCG VWRCGRX, RCG SNV VTGGIC GIRLS HC R LYNJ LH LSI PIVL ZIDHYI SNV LIYQ PRV HOIY, XIG LH R WHCLYHOIYVK RZHTL SNV PNDI'V JHVVNZXI NCOHXOIQICL NC LSRL IOICL.",Q is M.,Packs/presidential Cryptograms
29,"WHILE SOME SAW HIM AS UNREACHABLE, CALVIN COOLIDGE WAS A SOFT SPOKEN MAN OF FEW WORDS, AND DRY WIT WHO BROUGHT DIGNITY BACK TO THE OFFICE WHEN HE SERVED AS PRESIDENT.","MLSCJ BIZJ BXM LSZ XB EWUJXGLXQCJ, GXCRSW GIICSPTJ MXB X BIAY BKINJW ZXW IA AJM MIUPB, XWP PUO MSY MLI QUIETLY PSTWSYO QXGN YI YLJ IAASGJ MLJW LJ BJURJP XB KUJBSPJWY.",N is K.,Packs/presidential Cryptograms
30,"WHEN THE STOCK MARKET CRASHED AND THE GREAT DEPRESSION ENSUED WHILE HERBERT HOOVER WAS PRESIDENT, SOME SAID HE WAS TO BLAME WHETHER OR NOT HE WAS AT FAULT, PEOPLE STRUGGLED TO FIND WORK AND SURVIVE DURING THE REST OF HIS TERM.","IQOU DQO HDRYX NKWXOD YWKHQOA KUA DQO ZWOKD AOTWOHHPRU OUHBOA IQPSO QOWCOWD QRRGOW IKH TWOHPAOUD, HRNO HKPA QO IKH DR CSKNO IQODQOW RW URD QO IKH KD JKBSD, TORTSO HDWBZZSOA DR JPUA IRWX KUA HBWGPGO ABWPUZ DQO WOHD RJ QPH DOWN.",X is K.,Packs/presidential Cryptograms
31,"CRITICS AND ADMIRERS ALIKE HAVE HAD STRONG OPINIONS ABOUT FRANKLIN DELANO ROOSEVELT, THE ONLY PERSON ELECTED FOUR TIMES TO THE OFFICE OF PRESIDENT AND HIS LEGACY OF DRAMATIC CHANGES TO BOTH DOMESTIC AND FOREIGN POLICIES.","UXAHAUI DJZ DZCAXSXI DEALS NDRS NDZ IHXQJK QVAJAQJI DYQGH WXDJLEAJ ZSEDJQ XQQISRSEH, HNS QJEO VSXIQJ SESUHSZ WQGX HACSI HQ HNS QWWAUS QW VXSIAZSJH DJZ NAI ESKDUO QW ZXDCDHAU UNDJKSI HQ YQHN ZQCSIHAU DJZ WQXSAKJ VQEAUASI.",Y is B.,Packs/presidential Cryptograms
32,"HARRY TRUMAN WAS THE THIRTY THIRD PRESIDENT OF THE UNITED STATES, AND ANOTHER MAN WITH THE SAME NAME BECAME FAMOUS WHEN THE CABIN THAT HE LIVED IN AT THE FOOT OF MOUNT SAINT HELENS WAS BURIED UNDER LAVA FROM THE VOLCANO'S ERUPTION.","XFNNI ZNBQFL CFH ZXW ZXJNZI ZXJNO YNWHJOWLZ KV ZXW BLJZWO HZFZWH, FLO FLKZXWN QFL CJZX ZXW HFQW LFQW PWGFQW VFQKBH CXWL ZXW GFPJL ZXFZ XW SJTWO JL FZ ZXW VKKZ KV QKBLZ HFJLZ XWSWLH CFH PBNJWO BLOWN SFTF VNKQ ZXW TKSGFLK'H WNBYZJKL.",I is Y.,Packs/presidential Cryptograms
33,"I DIDN'T REALIZE WHEN I WAS BORN THAT DWIGHT DAVID EISENHOWER HAD JUST BECOME PRESIDENT EARLIER THAT YEAR, AND I'M SURE HE NEVER KNEW THAT A LITTLE GIRL NAMED JULIA FROM MINNESOTA WOULD GROW UP TO ONE DAY HITCHHIKE WITH HER BOYFRIEND ON THE INTERSTATE HIGHWAY SYSTEM THAT HE HAD AUTHORIZED THE CONSTRUCTION OF.","D GDGQ'Y ZHSADTH NKHQ D NSU WJZQ YKSY GNDCKY GSEDG HDUHQKJNHZ KSG ROUY WHXJPH LZHUDGHQY HSZADHZ YKSY IHSZ, SQG D'P UOZH KH QHEHZ FQHN YKSY S ADYYAH CDZA QSPHG ROADS MZJP PDQQHUJYS NJOAG CZJN OL YJ JQH GSI KDYXKKDFH NDYK KHZ WJIMZDHQG JQ YKH DQYHZUYSYH KDCKNSI UIUYHP YKSY KH KSG SOYKJZDTHG YKH XJQUYZOXYDJQ JM.",X is C.,Packs/presidential Cryptograms
34,"JOURNALISTS COMPARED HIS ADMINISTRATION TO THE MYTHOLOGICAL KINGDOM OF CAMELOT, AND WHILE JOHN F. KENNEDY WAS A PRESIDENT WITH IDEALISTIC HOPES FOR THE WORLD, HE HAD AN UNFORTUNATELY SHORT LIFE.","ZNETCHSPQXQ KNIGHTLY MPQ HYIPCPQXTHXPNC XN XML IOXMNSNRPKHS WPCRYNI NJ KHILSNX, HCY DMPSL ZNMC J. WLCCLYO DHQ H GTLQPYLCX DPXM PYLHSPQXPK MNGLQ JNT XML DNTSY, ML MHY HC ECJNTXECHXLSO QMNTX SPJL.",R is G.,Packs/presidential Cryptograms
35,"WHILE LYNDON BAINES JOHNSON WAS PRESIDENT, HIS WIFE LADY BIRD WORKED DILIGENTLY ON A BEAUTIFICATION PROGRAM THAT ENCOURAGED THE PLANTING OF WILDFLOWERS, AND RESTRICTING OF JUNKYARDS AND BILLBOARDS, ALONG HIGHWAYS IN AMERICA.","CWDZM ZNGSHG TLDGME OHWGEHG CLE XAMEDSMGI, WDE CDQM ZLSN TDAS CHARMS SDZDUMGIZN HG L TMLBIDQDJLIDHG XAHUALV IWLI MGJHBALUMS IWM XZLGIDGU HQ CDZSQZHCMAE, LGS AMEIADJIDGU HQ OBGRNLASE LGS TDZZTHLASE, LZHGU WDUWCLNE DG LVMADJL.",V is M.,Packs/presidential Cryptograms
36,"HE ENDED THE COUNTRY'S DIRECT INVOLVEMENT IN THE VIETNAM WAR, AND IMPROVED RELATIONS WITH CHINA, BUT WHEN RICHARD MILHOUSE NIXON WAS EXPOSED BY EVIDENCE THAT SHOWED HIS ROLE IN THE WATERGATE SCANDAL, HE RESIGNED AS PRESIDENT.","NC CLTCT YNC KHZLYIU'J TRICKY RLPHVPCSCLY RL YNC PRCYLGS XGI, GLT RSQIHPCT ICVGYRHLJ XRYN KNRLG, WZY XNCL IRKNGIT SRVNHZJC LROHL XGJ COQHJCT WU CPRTCLKC YNGY JNHXCT NRJ IHVC RL YNC XGYCIDGYC JKGLTGV, NC ICJRDLCT GJ QICJRTCLY.",U is Y.,Packs/presidential Cryptograms
37,"WITHOUT EVER BEING ELECTED TO EITHER OFFICE, GERALD FORD WENT FROM VICE PRESIDENT TO PRESIDENT IN THE MIDST OF DOMESTIC TURMOIL, HIS NOMINATION BASED IN LARGE PART ON AN UNBLEMISHED CHARACTER.","NHVMUKV TZTJ ETHOS TDTLVTW VU THVMTJ UCCHLT, STJQDW CUJW NTOV CJUB ZHLT AJTGHWTOV VU AJTGHWTOV HO VMT BHWGV UC WUBTGVHL VKJBUHD, MHG OUBHOQVHUO EQGTW HO DQJST AQJV UO QO KOEDTBHGMTW LMQJQLVTJ.",N is W.,Packs/presidential Cryptograms
38,"STARTING HIS LIFE IN GEORGIA WHERE HE WAS A PEANUT FARMER AND HAD A FERTILIZER STORE, JAMES EARL CARTER JR. (HE PREFERS BEING CALLED JIMMY), WAS PRESIDENT THROUGH SOME DAYS OF MAJOR DOMESTIC AND FOREIGN CRISIS, AND HAS GONE ON TO WIN THE NOBEL PEACE PRIZE.","LAOHANCZ INL RNGJ NC ZJTHZNO KIJHJ IJ KOL O YJOCWA GOHSJH OCQ IOQ O GJHANRNBJH LATHJ, UOSJL JOHR VOHAJH UH. (IJ YHJGJHL XJNCZ VORRJQ UNSSD), KOL YHJLNQJCA AIHTWZI LTSJ QODL TG SOUTH QTSJLANV OCQ GTHJNZC VHNLNL, OCQ IOL ZTCJ TC AT KNC AIJ CTXJR YJOVJ YHNBJ.",B is Z.,Packs/presidential Cryptograms
39,"AFTER STARRING IN LOTS OF MOVIES AND THEN ACTING ON THE URGING OF HIS HEART, RONALD WILSON REAGAN WENT INTO POLITICS FROM SERVING AS GOVERNOR OF CALIFORNIA HE MOVED ON TO DO TWO TERMS AS A POPULAR PRESIDENT.","LJSIM USLMMTQR TQ WNSU NJ VNYTIU LQG SFIQ LZSTQR NQ SFI CMRTQR NJ FTU FILMS, MNQLWG ETWUNQ MILRLQ EIQS TQSN HNWTSTZU JMNV UIMYTQR LU RNYIMQNM NJ ZLWTJNMQTL FI VNYIG NQ SN GN SEN SIMVU LU L HNHCWLM HMIUTGIQS.",Y is V.,Packs/presidential Cryptograms
40,"BARBARA HELPED HER HUSBAND, GEORGE HERBERT WALKER BUSH, PORTRAY HIMSELF AS A PRESIDENT OF THE COMMON PEOPLE WHEN SHE TALKED OPENLY ABOUT THE FAKE PEARL NECKLACE THAT SHE WORE AND HER INABILITY TO LOSE WEIGHT.","ZKXZKXK TCAQCJ TCX TRIZKGJ, BCVXBC TCXZCXN HKASCX ZRIT, QVXNXKD TYPICAL KI K QXCIYJCGN VL NTC WVPPVG QCVQAC HTCG ITC NKASCJ VQCGAD KZVRN NTC LKSC QCKXA GCWSAKWC NTKN ITC HVXC KGJ TCX YGKZYAYND NV AVIC HCYBTN.",R is U.,Packs/presidential Cryptograms
41,"EVEN THOUGH OFTEN TIMES HE AND HIS WIFE ARE THE SUBJECT OF LATE-NIGHT TELEVISION JOKES, WILLIAM JEFFERSON CLINTON (BILL) WAS PRESIDENT WHEN THE COUNTRY EXPERIENCED A LARGE EXPANSION OF THE ECONOMY, SAW THE STOCK MARKET SOAR, AND HAD A BALANCED FEDERAL BUDGET.","RGRF YCZIAC ZTYRF YXKRV CR QFL CXV UXTR QSR YCR VIHWRDY ZT MQYR-FXACY YRMRGXVXZF WZJRV, UXMMXQK WRTTRSVZF DMXFYZF (HXMM) UQV NSRVXLRFY UCRF YCR DZIFYSE RBNRSXRFDRL Q MQSAR RBNQFVXZF ZT YCR RDZFZKE, VQU YCR VYZDJ KQSJRY VZQS, QFL CQL Q HQMQFDRL TRLRSQM HILARY.",I is U.,Packs/presidential Cryptograms